r,lambda_1,lambda_2,lambda_3
1.9,-0.00347384805385383,-0.00372251301147631,-0.425717171718816
1.9011011011011,-0.00327146981911396,-0.0035163635345398,-0.426960973076137
1.9022022022022,-0.00306932355090022,-0.00331129673650812,-0.428205922748397
1.9033033033033,-0.00286610570835512,-0.00310597152918974,-0.429451685142257
1.9044044044044,-0.00266145511489414,-0.0029014117038379,-0.430698291223286
1.90550550550551,-0.00245568435931529,-0.00269795039474227,-0.431945844310895
1.90660660660661,-0.00224904292743803,-0.00249500768562604,-0.433193512889081
1.90770770770771,-0.00204164993147148,-0.00229258115698617,-0.434441643624899
1.90880880880881,-0.00183417634613546,-0.00209152906283623,-0.435689785645482
1.90990990990991,-0.00162552224298952,-0.00189125796311501,-0.436937730095931
1.91101101101101,-0.00141627916024147,-0.00169256173066097,-0.43818464847009
1.91211211211211,-0.00120651784123,-0.00149632373769413,-0.43942996350003
1.91321321321321,-0.000996079705349488,-0.00130357215067417,-0.440672853842417
1.91431431431431,-0.000785647812330444,-0.00111653181268993,-0.441910855115259
1.91541541541542,-0.000576086003473058,-0.00093768833814247,-0.443139166133485
1.91651651651652,-0.000372485884661097,-0.000776924853710011,-0.44434365020859
1.91761761761762,-0.000202585136786527,-0.000691670462971164,-0.445439765242504
1.91871871871872,-0.00013016953195511,-0.000930219321260907,-0.446097761421943
1.91981981981982,-0.000109684000896495,-0.00129959125605448,-0.44657473363389
1.92092092092092,-0.000103813238589526,-0.00171100961897334,-0.446980520853855
1.92202202202202,-0.000104962108996984,-0.00210201476646804,-0.447407893934435
1.92312312312312,-0.00011244314964071,-0.00252845334856512,-0.447789166823526
1.92422422422422,-9.79636111839842e-05,-0.00296138297667208,-0.448186762580789
1.92532532532533,-8.81686229731242e-05,-0.00340539310910891,-0.448578721875593
1.92642642642643,-7.37223625775649e-05,-0.00386819781715933,-0.44893314906762
1.92752752752753,-7.25480332259907e-05,-0.00429332689900413,-0.449341829367568
1.92862862862863,-8.4425980062385e-05,-0.00475321863019375,-0.449674209170931
1.92972972972973,-8.89778186457101e-05,-0.00517714565052569,-0.45006912639737
1.93083083083083,-8.62335735240395e-05,-0.00564877594752424,-0.450420739540555
1.93193193193193,-6.63406494479807e-05,-0.00613128481018471,-0.45076342077603
1.93303303303303,-5.86965548102461e-05,-0.00658813678563636,-0.451150543706487
1.93413413413413,-6.58304116229449e-05,-0.00707751315996369,-0.451451763229086
1.93523523523524,-6.84706549525178e-05,-0.00751462595395637,-0.451844802662588
1.93633633633634,-8.63846814438639e-05,-0.00799890919372966,-0.452156771168529
1.93743743743744,-6.52158657722968e-05,-0.0084896415019007,-0.452496717320929
1.93853853853854,-5.81007416599569e-05,-0.00897565816114258,-0.452855083767485
1.93963963963964,-5.24439024028092e-05,-0.00949547820245477,-0.453134115728363
1.94074074074074,-5.53289760242309e-05,-0.00994951948270568,-0.453517863406202
1.94184184184184,-7.7114964399345e-05,-0.0104589254451327,-0.453793731580075
1.94294294294294,-6.41794876444846e-05,-0.0109493333830471,-0.454131338131593
1.94404404404404,-6.01901775997715e-05,-0.0114630390279503,-0.454457019209637
1.94514514514515,-4.70061081107757e-05,-0.012007315309149,-0.454717971535783
1.94624624624625,-4.43136907624129e-05,-0.0124864648749611,-0.455087161496945
1.94734734734735,-6.58509344590231e-05,-0.0130239940523424,-0.455329043484999
1.94844844844845,-6.3569283843469e-05,-0.0135158483242552,-0.455661837710221
1.94954954954955,-6.29369467927426e-05,-0.0140572004038727,-0.455953525261555
1.95065065065065,-4.24421475526069e-05,-0.0146242219346063,-0.456198181879806
1.95175175175175,-3.94788868790595e-05,-0.015129177242471,-0.456546926524294
1.95285285285285,-5.77310657443708e-05,-0.0156961102698314,-0.456756261386936
1.95395395395395,-5.94605658600738e-05,-0.0161981975756847,-0.457081053900847
1.95505505505505,-6.29081173361896e-05,-0.0167661235306336,-0.4573383540323
1.95615615615616,-3.86393593766924e-05,-0.0173555125876005,-0.457566896658125
1.95725725725726,-3.47405841238514e-05,-0.0178874405911814,-0.457891198614897
1.95835835835836,-5.19102834446748e-05,-0.0184845532834932,-0.45806808065472
1.95945945945946,-5.64805362829846e-05,-0.0190025281595563,-0.458380671654085
1.96056056056056,-6.36744272279797e-05,-0.0195972886737841,-0.458603121619657
1.96166166166166,-3.70503693926761e-05,-0.020209732151842,-0.45881266505857
1.96276276276276,-3.17433573496808e-05,-0.0207708564125346,-0.459110317016289
1.96386386386386,-4.72836167983605e-05,-0.021399822415236,-0.459254482702206
1.96496496496496,-5.05502810648799e-05,-0.0219386136119768,-0.459550114415392
1.96606606606607,-6.40102321690797e-05,-0.0225621457355903,-0.459737668513342
1.96716716716717,-3.40528083220293e-05,-0.0232001225227048,-0.459924198431377
1.96826826826827,-3.09556064972744e-05,-0.0237933676938842,-0.460192979277317
1.96936936936937,-4.34480667634932e-05,-0.0244547185732818,-0.460302900517116
1.97047047047047,-4.85238034222418e-05,-0.0250192002157493,-0.460577101168606
1.97157157157157,-6.30962532821081e-05,-0.0256750468784086,-0.460729735031066
1.97267267267267,-3.22997988161762e-05,-0.0263426988968385,-0.460888196048301
1.97377377377377,-2.81330149274563e-05,-0.0269685252164414,-0.461126643218278
1.97487487487487,-4.32753176263152e-05,-0.0276649669026569,-0.461199163509618
1.97597597597598,-4.4935318155084e-05,-0.0282591119105248,-0.461446452359363
1.97707707707708,-6.2362369573572e-05,-0.0289490620483128,-0.461563326332488
1.97817817817818,-2.96730271139616e-05,-0.0296500488219807,-0.461687214552573
1.97927927927928,-2.78503418810083e-05,-0.0303073694780293,-0.461895082528974
1.98038038038038,-4.04325975281743e-05,-0.0310451388066959,-0.461925692870959
1.98148148148148,-4.48774724540018e-05,-0.0316723842330171,-0.462141129870814
1.98258258258258,-5.84817422201423e-05,-0.032402488471883,-0.462220148139505
1.98368368368368,-2.59764258605961e-05,-0.0331435585106638,-0.462303007608559
1.98478478478478,-2.28075358132124e-05,-0.0338382729682305,-0.462475943218903
1.98588588588589,-3.96381540723767e-05,-0.0346134079690601,-0.462463910196882
1.98698698698699,-4.04412597864738e-05,-0.0352820481050044,-0.462639797834902
1.98808808808809,-5.54791501133553e-05,-0.0360547272853306,-0.462680036849389
1.98918918918919,-2.17252053336279e-05,-0.0368423478595449,-0.462713649110782
1.99029029029029,-1.91980786311436e-05,-0.0375775754825075,-0.462849688829686
1.99139139139139,-3.92459744580967e-05,-0.0384006112743202,-0.462788215914255
1.99249249249249,-4.15119975719801e-05,-0.0391115036856458,-0.46291906163969
1.99359359359359,-5.23075658069279e-05,-0.0399344516702475,-0.462916454348878
1.99469469469469,-2.11858438366385e-05,-0.0407729010758988,-0.462892714675239
1.9957957957958,-1.62636668205433e-05,-0.0415530840454173,-0.462988047812289
1.9968968968969,-4.11412792535908e-05,-0.0424316126706023,-0.462871348589579
1.997997997998,-3.59360672739904e-05,-0.0431977635577233,-0.462945766878977
1.9990990990991,-4.66563905793644e-05,-0.0440698078152548,-0.46289993696274
2.0002002002002,-1.89801471090027e-05,-0.0449695159785612,-0.462808368088589
2.0013013013013,-1.56999883409107e-05,-0.0458006541792574,-0.462856291042505
2.0024024024024,-4.00450007942039e-05,-0.0467352169410855,-0.462682262919164
2.0035035035035,-3.44352196737963e-05,-0.0475669215965899,-0.462688925037076
2.0046046046046,-4.20766350608352e-05,-0.0484991221223179,-0.462593371059993
2.00570570570571,-1.90267566538589e-05,-0.0494722285222189,-0.462421008475
2.00680680680681,-1.34389464538607e-05,-0.0503580316394292,-0.462414918384866
2.00790790790791,-4.16035555836579e-05,-0.0513587089143026,-0.462176652766214
2.00900900900901,-2.82948345654765e-05,-0.0522742880815585,-0.462099217666488
2.01011011011011,-3.40223735902717e-05,-0.0532733850615197,-0.461947913354977
2.01121121121121,-1.92758200944119e-05,-0.0543205453437318,-0.461686227836625
2.01231231231231,-1.3086104360022e-05,-0.0552734309411775,-0.461613258958721
2.01341341341341,-4.65696283284239e-05,-0.0563523946673837,-0.461303661858353
2.01451451451451,-2.32521284204401e-05,-0.0573679408586913,-0.461124911896908
2.01561561561562,-2.65094363632709e-05,-0.0584387362332743,-0.460911002826387
2.01671671671672,-2.04914500103168e-05,-0.059584190117791,-0.460542045569784
2.01781781781782,-1.73956039886885e-05,-0.0606140959105788,-0.460387435589591
2.01891891891892,-4.54960004217877e-05,-0.0617832920943297,-0.459996890606071
2.02002002002002,-1.58010804555061e-05,-0.0629159692051621,-0.459697805308082
2.02112112112112,-1.70532922641865e-05,-0.0640787775402185,-0.459405054972026
2.02222222222222,-2.34222026310516e-05,-0.065329812873225,-0.458915037495147
2.02332332332332,-2.30472496958717e-05,-0.0664543810233476,-0.458657750529064
2.02442442442442,-4.87232962177956e-05,-0.0677379551623804,-0.458170724519245
2.02552552552553,-1.04065112955466e-05,-0.0690058388560463,-0.457727878921163
2.02662662662663,-8.08395610180229e-06,-0.0702763443052803,-0.457338221171599
2.02772772772773,-2.70463856280952e-05,-0.0716655726354573,-0.456704175498997
2.02882882882883,-2.78842070978887e-05,-0.072912181466058,-0.456313741698077
2.02992992992993,-4.35783037903612e-05,-0.074327088064716,-0.455714609799956
2.03103103103103,-8.36369525693257e-06,-0.0757590812723535,-0.455096615570478
2.03213213213213,-5.87413938940427e-06,-0.0771658411380166,-0.454579193676368
2.03323323323323,-3.21734917610887e-05,-0.0787135253278734,-0.453784579387407
2.03433433433433,-2.14075413685271e-05,-0.0801341749508033,-0.453212945957057
2.03543543543544,-3.76833191419812e-05,-0.0817120079445909,-0.452471534688898
2.03653653653654,-1.0270461843265e-05,-0.083335969704896,-0.451643112687306
2.03763763763764,-1.54135763851748e-06,-0.0849187584909714,-0.450952889306343
2.03873873873874,-3.52996524757734e-05,-0.0866594844060301,-0.449970637659747
2.03983983983984,-1.4680429985749e-05,-0.0883165375947374,-0.449157036849889
2.04094094094094,-2.27185049992868e-05,-0.0901066542517544,-0.448223915823873
2.04204204204204,-1.34661755488526e-05,-0.0919686919845379,-0.447134866958111
2.04314314314314,-6.99354315759907e-06,-0.0937837216200355,-0.446207239960426
2.04424424424424,-3.80657302839e-05,-0.0957814477699216,-0.444983562358901
2.04534534534535,-5.62553328337331e-06,-0.0977535497612542,-0.443847407829876
2.04644644644645,-1.15427931333378e-05,-0.0998237248676012,-0.442653477011743
2.04754754754755,-1.87661995254424e-05,-0.102015143196696,-0.44121738584673
2.04864864864865,-1.47056905527897e-05,-0.104149959722285,-0.439956598206075
2.04974974974975,-3.99783990591818e-05,-0.106506633503253,-0.438399158237848
2.05085085085085,-3.42251870023297e-06,-0.108890411321727,-0.436836859546773
2.05195195195195,-1.85714001393746e-07,-0.111367848483402,-0.435252950866717
2.05305305305305,-2.30058366071577e-05,-0.114031949432891,-0.433335115598162
2.05415415415415,-1.90821671307299e-05,-0.116635784733093,-0.431590416316551
2.05525525525525,-3.39469285023305e-05,-0.119520505868838,-0.429534694679564
2.05635635635636,-3.68810656664392e-06,-0.122497533557886,-0.427357609468405
2.05745745745746,6.08600771904497e-06,-0.125591980576355,-0.425164142481153
2.05855855855856,-2.68233266163853e-05,-0.128973360074443,-0.42253466810448
2.05965965965966,-9.24464553077259e-06,-0.132353176696772,-0.420003845026484
2.06076076076076,-1.96614537055795e-05,-0.136079385135969,-0.417133559652639
2.06186186186186,-5.89688240348486e-06,-0.140015590482063,-0.413969275856815
2.06296296296296,9.08885065253535e-07,-0.14417623069417,-0.410705931363449
2.06406406406406,-3.15284413646676e-05,-0.148776554959763,-0.406876188102476
2.06516516516517,-1.10932911687821e-06,-0.153591317653547,-0.402897846651165
2.06626626626627,-1.97631929720286e-06,-0.158919963398636,-0.39845028938466
2.06736736736737,-1.3361103097993e-05,-0.1647722231143,-0.393348648283063
2.06846846846847,-1.0450260736686e-05,-0.171180037664305,-0.387819078680242
2.06956956956957,-3.44706982969993e-05,-0.178541880716739,-0.381260309462617
2.07067067067067,6.22105798409374e-06,-0.186828048457114,-0.37379184638228
2.07177177177177,9.70830718204965e-06,-0.196613760289108,-0.364908251043248
2.07287287287287,-1.96477591989843e-05,-0.208564949707273,-0.353700080157674
2.07397397397397,-8.78669579403317e-06,-0.224065993746964,-0.339060064244673
2.07507507507508,-2.71182626044727e-05,-0.248584795205194,-0.315378198211494
2.07617617617618,1.41493975450998e-06,-0.281816672201549,-0.282936522950782
2.07727727727728,8.95162944357542e-06,-0.282278609857339,-0.28338365129254
2.07837837837838,-2.31474642773808e-05,-0.282750026469001,-0.283666803168013
2.07947947947948,1.96406839140813e-06,-0.28320682016428,-0.284057056300649
2.08058058058058,-5.34918702695084e-06,-0.28363262977291,-0.284500476974959
2.08168168168168,-5.50481784685324e-06,-0.283987125881096,-0.284904649921542
2.08278278278278,1.47166308541794e-06,-0.255545713804474,-0.314242694397293
2.08388388388388,-2.91578717602412e-05,-0.227560472179604,-0.343012406259727
2.08498498498499,7.73272765219624e-06,-0.210744145310654,-0.360656878148056
2.08608608608609,9.11693054283506e-06,-0.1981701219917,-0.374129797774151
2.08718718718719,-1.29466893536458e-05,-0.187947587469434,-0.3850930215163
2.08828828828829,-7.2081874383651e-06,-0.179210322034542,-0.394702748554802
2.08938938938939,-2.50866017794497e-05,-0.171719726176144,-0.403017466051653
2.09049049049049,7.33633108834412e-06,-0.164993479003719,-0.410543817403952
2.09159159159159,1.72613650497446e-05,-0.158958139550617,-0.417493763153432
2.09269269269269,-1.82809942846234e-05,-0.153529634759879,-0.423667815565715
2.09379379379379,3.14209173013344e-06,-0.148434668553274,-0.429617651064962
2.09489489489489,-1.13530355876765e-05,-0.14382365067887,-0.43509009285129
2.095995995996,1.80439997470429e-06,-0.139508785961967,-0.440168755125565
2.0970970970971,1.327520637449e-05,-0.135445922221299,-0.445139808672063
2.0981981981982,-2.45647137102118e-05,-0.131742919192559,-0.449615650621744
2.0992992992993,1.14991769716695e-05,-0.128187620139425,-0.454004058440164
2.1004004004004,1.09978248276415e-05,-0.124789029419636,-0.458299533227526
2.1015015015015,-7.91432511715561e-06,-0.12156115958674,-0.462267026851001
2.1026026026026,-5.97328470358122e-07,-0.118414637643176,-0.466295063914818
2.1037037037037,-2.20037324718075e-05,-0.115544911438822,-0.469981441100164
2.1048048048048,1.36849585914952e-05,-0.112745968151679,-0.473584868732171
2.10590590590591,2.1116803425983e-05,-0.110057914782133,-0.477191701665462
2.10700700700701,-1.37265338529611e-05,-0.107550648550991,-0.480439834655148
2.10810810810811,7.15899704217604e-06,-0.105029891532775,-0.483820924262402
2.10920920920921,-7.94920006973454e-06,-0.102685765980902,-0.487022812520442
2.11031031031031,7.88284783035848e-06,-0.100419637063158,-0.490054716264917
2.11141141141141,1.73618016559284e-05,-0.0981789761761559,-0.493210930144473
2.11251251251251,-1.75887305279791e-05,-0.0961141830738569,-0.496044458273583
2.11361361361361,1.78607715026514e-05,-0.0940332340165987,-0.498960233082799
2.11471471471471,1.25528340736137e-05,-0.092039810236462,-0.501852070450633
2.11581581581582,-2.1664585417577e-06,-0.0901470128804495,-0.504482587630721
2.11691691691692,3.70292208476453e-06,-0.0882079548349712,-0.507308539817516
2.11801801801802,-2.10515316796893e-05,-0.0864409113392985,-0.509891142909188
2.11911911911912,1.72003708938533e-05,-0.0846811409826959,-0.512454702020815
2.12022022022022,2.68887543721367e-05,-0.0829438918454016,-0.515115736826822
2.12132132132132,-8.67629257640693e-06,-0.0813281309884468,-0.517470230769747
2.12242242242242,1.20058360399571e-05,-0.0796465563731949,-0.520014481309977
2.12352352352352,-4.9149343204075e-06,-0.0780782116381973,-0.522442236128459
2.12462462462462,9.16119043530598e-06,-0.0765544230993154,-0.524728729104966
2.12572572572573,1.91352394961364e-05,-0.0750017951168773,-0.527202005409757
2.12682682682683,-1.53559101183476e-05,-0.0735854314673771,-0.529387792682651
2.12792792792793,2.06719142044818e-05,-0.0721311246654799,-0.531675628190772
2.12902902902903,1.93244486634362e-05,-0.0707146468815851,-0.533995835413817
2.13013013013013,3.11920467352459e-07,-0.0693815511866642,-0.536063247457139
2.13123123123123,6.11605988101103e-06,-0.0679691033610724,-0.53836416852488
2.13233233233233,-1.66456467626958e-05,-0.0666944581936917,-0.540458592802651
2.13343343343343,2.07779910814762e-05,-0.0654199990705196,-0.542531955388783
2.13453453453453,3.17328624197261e-05,-0.0641310333474259,-0.544751159169079
2.13563563563564,-6.2107698448196e-06,-0.0629486218861432,-0.546672119778441
2.13673673673674,1.72060315273961e-05,-0.0616914927425212,-0.548791360948118
2.13783783783784,1.33447986656372e-06,-0.0605096923609192,-0.550839353853963
2.13893893893894,1.15678280599133e-05,-0.059373188730496,-0.552731229478603
2.14004004004004,2.33417750503403e-05,-0.0581790706112745,-0.554847895856549
2.14114114114114,-1.18384187624745e-05,-0.057107921705625,-0.556693959578423
2.14224224224224,2.73918773644497e-05,-0.0559996879563295,-0.558631021053386
2.14334334334334,2.27616962325389e-05,-0.0549001644817117,-0.560643016096296
2.14444444444444,1.90013928215856e-06,-0.0538824708321336,-0.562390718720237
2.14554554554555,1.43787040954055e-05,-0.052771044288592,-0.564390328536755
2.14664664664665,-1.27331154367224e-05,-0.0517761245257703,-0.566212691535131
2.14774774774775,2.32399116300749e-05,-0.0507869762448638,-0.567992503442791
2.14884884884885,3.69736902508608e-05,-0.0497638077446827,-0.569952301675381
2.14994994994995,-4.76090564543556e-06,-0.0488410367517297,-0.571615800757157
2.15105105105105,2.57707010874598e-05,-0.0478480793172018,-0.57346687249694
2.15215215215215,9.77107564538743e-06,-0.0469012406787592,-0.575290958141638
2.15325325325325,1.27456696294197e-05,-0.0460087861179812,-0.576928945813542
2.15435435435435,2.57013601375139e-05,-0.0450417547164594,-0.578817201193134
2.15545545545546,-1.03249460164864e-05,-0.0441961916502847,-0.580447267685756
2.15655655655656,2.92770310451001e-05,-0.0433253249636717,-0.582139423246673
2.15765765765766,3.16651912752324e-05,-0.0424546029263413,-0.583934121711311
2.15875875875876,5.78193111165169e-06,-0.0417309850750276,-0.585384552769569
2.15985985985986,1.62942849919295e-05,-0.0407295802585954,-0.587270997549601
2.16096096096096,-7.57473222153037e-06,-0.0398661909794701,-0.588972373216948
2.16206206206206,2.41325039458234e-05,-0.0390363317616673,-0.590580980001545
2.16316316316316,3.79218969246179e-05,-0.0381639144203071,-0.592395421794487
2.16426426426426,1.18858690116298e-06,-0.0373923295642012,-0.593913560094971
2.16536536536537,2.85220605461645e-05,-0.0365631476713318,-0.595593521656442
2.16646646646647,1.50630330107217e-05,-0.0357535883892455,-0.597294902529909
2.16756756756757,9.15394193344484e-06,-0.0350071059042622,-0.598776935809721
2.16866866866867,2.45347488382689e-05,-0.03417032029421,-0.600529817057449
2.16976976976977,-9.77075411191225e-06,-0.0334481995079995,-0.602050482694008
2.17087087087087,3.1505867546159e-05,-0.0327065963383331,-0.603602532265129
2.17197197197197,3.87572866947686e-05,-0.0319351198694636,-0.605310692754176
2.17307307307307,6.73999866821336e-06,-0.0312498872372403,-0.60672212114707
2.17417417417417,2.41644184793551e-05,-0.0304756751646901,-0.608376936408503
2.17527527527528,1.00228415851854e-06,-0.0297655278162308,-0.609938374879673
2.17637637637638,2.22739430737909e-05,-0.0290882910903902,-0.611380435322737
2.17747747747748,4.11592370826229e-05,-0.0283461108514441,-0.613067320565766
2.17857857857858,9.67123028190759e-07,-0.0277034173771987,-0.614466127730923
2.17967967967968,3.45519626990823e-05,-0.027011628466967,-0.615998923859622
2.18078078078078,2.69547156028794e-05,-0.0263166419217432,-0.617601907061825
2.18188188188188,1.2779892580964e-05,-0.0256930637757728,-0.61895232318433
2.18298298298298,2.33807602276789e-05,-0.0249687780246142,-0.620586149185347
2.18408408408408,-5.55048714487215e-06,-0.024350560176343,-0.622017880359399
2.18518518518519,3.24204716878194e-05,-0.0237253962561686,-0.623441331005181
2.18628628628629,4.2828868940802e-05,-0.0230571125980379,-0.62505726730375
2.18738738738739,6.57056708417081e-06,-0.0224761963975309,-0.626366303819632
2.18848848848849,3.09652004364582e-05,-0.0218161759252424,-0.627900092869162
2.18958958958959,9.44416291013885e-06,-0.021193398002522,-0.62938919820424
2.19069069069069,2.4097776139421e-05,-0.0206183002167742,-0.630714682857773
2.19179179179179,3.8193087351716e-05,-0.0199641657140914,-0.632312606170356
2.19289289289289,-7.35999624483388e-07,-0.0194118144980372,-0.633633692541807
2.19399399399399,3.68316833100278e-05,-0.0188209100921763,-0.635054861508007
2.1950950950951,3.77245872854955e-05,-0.0182104132738334,-0.636589295331698
2.1961961961962,1.06009517996631e-05,-0.0176773467870255,-0.637843527240224
2.1972972972973,2.59933998496728e-05,-0.017042763548083,-0.639380971241624
2.1983983983984,-1.69426400556095e-06,-0.0164967406603825,-0.640755045780198
2.1994994994995,3.22400803574959e-05,-0.015960145541382,-0.642076397373328
2.2006006006006,5.12445810281469e-05,-0.0153692230958217,-0.643623368906873
2.2017017017017,8.16557256498843e-06,-0.0148666879127433,-0.644859101372763
2.2028028028028,3.84422732299431e-05,-0.0142965957124333,-0.646294627244691
2.2039039039039,1.96259376072482e-05,-0.0137408865512979,-0.647733166504549
2.20500500500501,2.10978604282999e-05,-0.0132445103877157,-0.648966175609897
2.20610610610611,3.48530922691054e-05,-0.0126575789032583,-0.650492783377181
2.20720720720721,1.58108869586557e-06,-0.0121739600329919,-0.651759613559674
2.20830830830831,3.99455338052557e-05,-0.0116620580041207,-0.653090122229624
2.20940940940941,4.21434472025865e-05,-0.0111186544998128,-0.654572605243252
2.21051051051051,1.51109144682903e-05,-0.0106556367382771,-0.655753110156265
2.21161161161161,3.36970615003836e-05,-0.010096196334867,-0.65721099485594
2.21271271271271,5.56487210138559e-06,-0.00960417951234379,-0.658542764640851
2.21381381381381,3.09293071322423e-05,-0.00913731208038699,-0.659781310774003
2.21491491491491,4.56600704621507e-05,-0.0086067247592416,-0.661273723540058
2.21601601601602,4.66599704602092e-06,-0.00816541703704952,-0.662455271688182
2.21711711711712,3.81998117579099e-05,-0.00766713066114001,-0.663809276942666
2.21821821821822,2.0702039590684e-05,-0.00716562890873275,-0.66521015801924
2.21931931931932,1.74159506345444e-05,-0.00673244412621494,-0.666369489872734
2.22042042042042,3.81868517149993e-05,-0.00619976786353216,-0.667836486697301
2.22152152152152,4.91466914619976e-06,-0.00576960690321858,-0.669063949326884
2.22262262262262,4.3574876531047e-05,-0.00532072124143675,-0.670320651323828
2.22372372372372,4.360171365514e-05,-0.00483171151147685,-0.671761772363403
2.22482482482482,1.67103163164709e-05,-0.00442407664560236,-0.672885918682376
2.22592592592593,2.67786329204492e-05,-0.00393024562483935,-0.674273380707392
2.22702702702703,1.03813951387716e-05,-0.00347978921681431,-0.675574603869667
2.22812812812813,3.16888533389579e-05,-0.00306969229821382,-0.67674448507277
2.22922922922923,5.27372674897478e-05,-0.00258723236912495,-0.678193272284442
2.23033033033033,1.05135916783273e-05,-0.00219591918563848,-0.679332720487226
2.23143143143143,4.85667249985564e-05,-0.00175665956709108,-0.680619212014888
2.23253253253253,3.52294992845254e-05,-0.00130265458063152,-0.681987288931934
2.23363363363363,1.97248523063099e-05,-0.000922776135641384,-0.683088270885394
2.23473473473473,4.49473795089415e-05,-0.000446213904040088,-0.684500220720563
2.23583583583584,5.81919547722921e-05,-0.00023507408200693,-0.68558032449304
2.23693693693694,9.20436417729847e-05,-0.000946585699062207,-0.685695243911019
2.23803803803804,0.000116189964747161,-0.00173472022302067,-0.685780006437406
2.23913913913914,0.000141676455101749,-0.00256873882318122,-0.685885619757412
2.24024024024024,0.000158820542840845,-0.00339969072806862,-0.686003027589051
2.24134134134134,0.00016527883664627,-0.00429944391957223,-0.685998588363922
2.24244244244244,0.000173332779393973,-0.00520069106747884,-0.685927225659709
2.24354354354354,0.000314083725045224,-0.00589839245285146,-0.686150787879671
2.24464464464464,0.000195609905394104,-0.00723052358073535,-0.685582954628117
2.24574574574575,0.000162182005282935,-0.00837386435027636,-0.685338040239444
2.24684684684685,0.00014662803507,-0.00949805227525478,-0.685126152336648
2.24794794794795,0.000133023333135904,-0.0107054632651887,-0.684795305519546
2.24904904904905,7.38035663366787e-05,-0.0119473245408362,-0.68434153011817
2.25015015015015,8.53068002229701e-05,-0.0132639045851764,-0.683833149583404
2.25125125125125,7.31689595371616e-05,-0.0145710770373134,-0.683350162563469
2.25235235235235,8.04532370650053e-05,-0.0159263052446722,-0.682894515241158
2.25345345345345,5.52733923742199e-05,-0.0173335999634697,-0.682405513373248
2.25455455455455,5.1625741082455e-05,-0.0188811969043069,-0.681744886830964
2.25565565565566,8.62943609137961e-06,-0.0204988734380381,-0.680930831592705
2.25675675675676,2.13693314452675e-05,-0.0222327568398472,-0.680032456614014
2.25785785785786,5.40660143712657e-05,-0.0240281969575543,-0.679147430379615
2.25895895895896,4.30961819786162e-05,-0.0259298497507077,-0.67818751995679
2.26006006006006,6.20878126910495e-05,-0.0279863083076787,-0.677068183975739
2.26116116116116,-2.10043261011755e-06,-0.030198585831544,-0.675647878241299
2.26226226226226,7.33405431957375e-06,-0.0326254428620707,-0.674025200204002
2.26336336336336,6.9625593488581e-06,-0.0351692213656814,-0.67230180856648
2.26446446446446,-8.46102997797953e-07,-0.0379402946128331,-0.670437673074265
2.26556556556557,3.07799964339042e-07,-0.0410551587443018,-0.668257229706826
2.26666666666667,-3.80589699358285e-05,-0.0445750081506293,-0.665579704669733
2.26776776776777,-5.03680089502451e-05,-0.0485925517328227,-0.662380432860042
2.26886886886887,-8.50482228238461e-06,-0.0532037436013957,-0.658654595071297
2.26996996996997,-3.65814453829976e-06,-0.0586645463672375,-0.654155222525352
2.27107107107107,-4.66430357212357e-06,-0.0653623894276393,-0.648405550680294
2.27217217217217,-5.19189749773482e-05,-0.0740667075318049,-0.640490405077367
2.27327327327327,-5.07577025670147e-05,-0.0864683149651622,-0.628881067773594
2.27437437437437,-5.58016337177781e-05,-0.107995383653298,-0.608181202426435
2.27547547547548,-8.43599521677234e-05,-0.181829913349397,-0.535258181055698
2.27657657657658,-7.33809041495777e-05,-0.103534841240608,-0.614479540715124
2.27767767767768,-0.000131668820211401,-0.0840869629125794,-0.634729396445375
2.27877877877878,-0.000120486710686024,-0.0725249567564092,-0.647135042393771
2.27987987987988,-9.03115528301687e-05,-0.0641624293519141,-0.656454474399905
2.28098098098098,-9.68067909816899e-05,-0.0575780099873579,-0.663995334149935
2.28208208208208,-0.000198750731832982,-0.0522151162138464,-0.670133765147111
2.28318318318318,-0.000335654892989657,-0.0476054770951347,-0.675378707395753
2.28428428428428,-0.000177410164605638,-0.0438013022400962,-0.68017359426063
2.28538538538539,-0.000160738671570213,-0.0402602024704528,-0.684674511351007
2.28648648648649,-0.000132987681310371,-0.0371385963630231,-0.688733211232783
2.28758758758759,-0.000157913839973959,-0.0343337777016176,-0.692362933188694
2.28868868868869,-8.9556672707701e-05,-0.0317632954635757,-0.695850497769646
2.28978978978979,-7.65615527797709e-05,-0.0293731077419697,-0.699235229178333
2.29089089089089,-6.97668219909372e-05,-0.0271877871158941,-0.702351092821958
2.29199199199199,-9.85091859614242e-05,-0.0251924928992183,-0.705126461416527
2.29309309309309,-8.24345423301238e-05,-0.0232889327875286,-0.707828492170026
2.29419419419419,-8.295888482296e-05,-0.021437494434238,-0.71060169445763
2.2952952952953,-7.79164372875647e-05,-0.0196937701769867,-0.713287512692248
2.2963963963964,-0.000116034151124111,-0.0180496408031726,-0.715745065702996
2.2974974974975,-4.0500540844355e-05,-0.0164997849009078,-0.718215213525485
2.2985985985986,-4.1560545751503e-05,-0.0149906285520358,-0.720724123102812
2.2996996996997,-6.48486381538717e-05,-0.0135964481306316,-0.723010903796833
2.3008008008008,-6.88759007687575e-05,-0.0123043353120726,-0.725077041972275
2.3019019019019,-6.30443954943483e-05,-0.0109722168420976,-0.727236191579615
2.303003003003,-6.54630442650997e-05,-0.00965626626998366,-0.729502745021577
2.3041041041041,-9.4384720006936e-05,-0.0084824904818908,-0.731546459715591
2.30520520520521,-8.24722668871875e-05,-0.00737789584095021,-0.733495597902809
2.30630630630631,-2.44719885575395e-05,-0.00627269109509119,-0.735614743645632
2.30740740740741,-2.22987560864688e-05,-0.00520003265088481,-0.737657947707809
2.30850850850851,-6.08366808850801e-05,-0.00422156448398943,-0.739399403503601
2.30960960960961,-4.7274494019256e-05,-0.0032375229912538,-0.741171464005293
2.31071071071071,-7.64949625474304e-05,-0.00219308779427066,-0.74315308205611
2.31181181181181,-7.42334027144582e-05,-0.00131885670106536,-0.744922079121992
2.31291291291291,-7.67971262285891e-05,-0.000568374202432006,-0.74651004507167
2.31401401401401,-1.96643521424724e-05,-0.00167195403456926,-0.746418525765161
2.31511511511512,-2.50522775766155e-05,-0.00361320162650365,-0.745402980028957
2.31621621621622,-4.64186427623132e-05,-0.00612709101935923,-0.743612969970138
2.31731731731732,-4.99683427322696e-05,-0.00905950277454939,-0.74148300392927
2.31841841841842,-3.79432433580505e-05,-0.0128532645807667,-0.738643017980155
2.31951951951952,-9.41437437212595e-05,-0.0181985189418118,-0.73409166081695
2.32062062062062,-2.10891196258382e-05,-0.0268011423361324,-0.726379532380754
2.32172172172172,-1.71833099293941e-05,-0.0508574851867817,-0.703340568023215
2.32282282282282,-6.75244124699052e-05,-0.0337191663511491,-0.721247642434256
2.32392392392392,-6.02192919939544e-05,-0.0214317597899726,-0.734276297384567
2.32502502502502,-7.76194367793522e-05,-0.0147138895643002,-0.741895387554823
2.32612612612613,-0.000115893249297795,-0.010123317124659,-0.747330370231078
2.32722722722723,-5.18630524789003e-05,-0.00661929915298473,-0.751729212261143
2.32832832832833,-4.92646977833385e-05,-0.00382803983807172,-0.755544214738348
2.32942942942943,-0.000219726728335482,-0.00117760594701187,-0.758838274197717
2.33053053053053,3.12927734288602e-05,-0.00161831727267968,-0.759382120746495
2.33163163163163,2.79849844544436e-05,-0.0106515542833142,-0.751269445440732
2.33273273273273,-6.48966262291929e-05,-0.00687587627042326,-0.755841533451806
2.33383383383383,9.87569839334195e-05,-0.000686463986145683,-0.763075716810158
2.33493493493493,0.00241082079810824,-1.14060617602096e-05,-0.767075409190543
2.33603603603604,0.00566766513404627,-2.78596401797706e-05,-0.771055333771841
2.33713713713714,0.00228757188094383,-7.70712499415188e-05,-0.768524654999887
2.33823823823824,0.00866291792633039,-2.60152078711616e-05,-0.775936473420543
2.33933933933934,0.0101738179635009,-8.3909383349465e-05,-0.778208463561908
2.34044044044044,0.00996917771275072,-4.89251125089661e-05,-0.779003051996523
2.34154154154154,0.010894105847723,-4.92685313841597e-05,-0.780751645084772
2.34264264264264,0.0115146838786762,-7.55078258847261e-05,-0.782011244951862
2.34374374374374,0.0125879382594603,-6.86093833545937e-05,-0.783998730177143
2.34484484484484,0.000117882142733756,-0.0209182209679367,-0.751115555470564
2.34594594594595,0.00421139007458946,-6.020228451539e-05,-0.776741641550083
2.34704704704705,0.0132443617505338,-7.61900218215646e-05,-0.787003659086663
2.34814814814815,0.0136189747250602,-1.12505261952413e-05,-0.788353561754564
2.34924924924925,0.0158675951808173,-5.76304191747822e-05,-0.791330660939838
2.35035035035035,0.0155683965198265,-4.16226856144664e-05,-0.792048383361044
2.35145145145145,0.0152265621460943,-5.47367408556245e-05,-0.792201564106514
2.35255255255255,0.0179358372162333,-2.48306617575897e-05,-0.79572961966647
2.35365365365365,0.0194537463257277,-5.83778666116601e-05,-0.797894521507942
2.35475475475475,0.0203807932921745,-5.3874587520041e-05,-0.799513580643638
2.35585585585586,0.0200359043252387,-7.18239803115272e-05,-0.800199313872499
2.35695695695696,0.0180460480983746,-4.8292989455448e-05,-0.799270780085478
2.35805805805806,0.000475372500644445,-0.00377404845290244,-0.778696423729581
2.35915915915916,0.0205195064151001,-8.14209187660588e-05,-0.803238527982832
2.36026026026026,0.020885933014581,-2.43643272866859e-05,-0.804987454360134
2.36136136136136,0.0207992111587345,-6.62529151727664e-05,-0.805590616029841
2.36246246246246,0.0212447666412282,-9.06988970298724e-05,-0.806809278500133
2.36356356356356,0.0029497290362373,-0.00238728011746288,-0.787310394041703
2.36466466466466,0.0205806572556837,-0.000115256600475941,-0.807920732027907
2.36576576576577,0.000560266048917628,-0.0491807399718834,-0.740628699076366
2.36686686686687,-1.21179829658993e-05,-0.00333468803131957,-0.786909896507957
2.36796796796797,0.0164977535102964,-5.67850872098353e-05,-0.807085567829746
2.36906906906907,0.0207069831667795,-4.16733273236552e-05,-0.812099082206513
2.37017017017017,0.0228389642105039,-9.44016520038596e-05,-0.814806276052911
2.37127127127127,0.0214525241350359,-0.000126356257314195,-0.814675929866488
2.37237237237237,0.0234483254250907,-2.58645991054546e-05,-0.817727054009045
2.37347347347347,0.0219712486372502,-2.47630890608973e-05,-0.817317744095158
2.37457457457457,0.0183911315411545,-0.000171021737308629,-0.814729910184809
2.37567567567568,0.0222338871678928,-0.000113757557586179,-0.819182413705735
2.37677677677678,0.0228178129561559,-2.82715004932047e-05,-0.820754188153164
2.37787787787788,0.0227988176537597,-3.56460894142545e-05,-0.821539464525571
2.37897897897898,0.0226300409965567,-2.07050560243529e-05,-0.822116409089778
2.38008008008008,0.0245060859319882,-8.41558810967391e-05,-0.824847094990536
2.38118118118118,0.000117550348650337,-0.00638846760428168,-0.796180337947481
2.38228228228228,0.0217090162568263,-3.11175055548484e-05,-0.82442552845297
2.38338338338338,0.023564818776068,-3.36112055506793e-05,-0.827212497516877
2.38448448448448,0.0214724929148953,-8.80810544818945e-05,-0.826087666817014
2.38558558558559,0.0223645387184963,-0.000101148391446526,-0.82759984698428
2.38668668668669,0.0204804981900472,-6.75646333974557e-05,-0.827020319789204
2.38778778778779,0.0209726959506754,-5.97514830285571e-05,-0.82831786780826
2.38888888888889,0.0185285394520391,-6.4113548413198e-05,-0.82708550324308
2.38998998998999,0.0160905789190454,2.49581662384197e-05,-0.825915369517704
2.39109109109109,0.0123823202846051,-0.000109238075549903,-0.823347984319783
2.39219219219219,-4.62894962306247e-05,-0.00607364963715295,-0.806680526020485
2.39329329329329,1.51823889206732e-05,-0.023205480404506,-0.790472290321381
2.39439439439439,1.98587626917586e-05,-0.0421561285318074,-0.772408171624827
2.3954954954955,6.20213081558752e-05,-0.104954326046769,-0.710394593179359
2.3965965965966,6.25909037048908e-05,-0.0453637794447966,-0.770781357165314
2.3976976976977,5.55313527114929e-05,-0.0334177217297532,-0.783603901266722
2.3987987987988,1.4948112466564e-05,-0.0267067016511728,-0.79109197931005
2.3998998998999,-7.70729619167691e-06,-0.0219934700852957,-0.796504480691175
2.401001001001,8.66383337331527e-05,-0.0182254173733849,-0.801222684027695
2.4021021021021,7.90914769358821e-05,-0.0151570370551499,-0.805075219215002
2.4032032032032,2.56158086192935e-05,-0.0123017776944417,-0.808704682268486
2.4043043043043,-5.19671161084401e-06,-0.00989486745398507,-0.811796445716512
2.40540540540541,9.53004418701819e-05,-0.0076607108326287,-0.814958948290176
2.40650650650651,5.44157440030509e-05,-0.0055032496190192,-0.817827882465396
2.40760760760761,0.000119703573674471,-0.0035275035123585,-0.82081208617208
2.40870870870871,0.000107052487057121,-0.001672655011421,-0.823371284346033
2.40980980980981,0.000164647507001371,-0.000975849989120608,-0.825051439336602
2.41091091091091,0.000125553073592686,-0.00490626073594814,-0.82173684804596
2.41201201201201,8.37402394641945e-05,-0.0101509175596346,-0.817438704597976
2.41311311311311,4.96212724405717e-05,-0.0184406348580698,-0.809962259135187
2.41421421421421,0.000172835428481601,-0.043100125805104,-0.786525170924751
2.41531531531532,0.000128171387167326,-0.0263372977609563,-0.803957156422588
2.41641641641642,5.87690067082735e-05,-0.0234933538747832,-0.807620078298898
2.41751751751752,0.000145304530281311,-0.0323391361756346,-0.800013548561915
2.41861861861862,5.2983818414041e-05,-0.0210266218279775,-0.811939691098151
2.41971971971972,5.966952327695e-05,-0.00718521765925731,-0.82673075628905
2.42082082082082,6.90722352113929e-05,-0.0158117767883943,-0.818910113924111
2.42192192192192,0.00010972310319049,-0.0045344113676991,-0.831061064345169
2.42302302302302,0.00363568902159947,-0.000260008576638768,-0.83981243571908
2.42412412412412,0.00950734653450554,-0.000139504405011038,-0.846330654454993
2.42522522522523,0.00219931010203897,-0.00908149010571334,-0.8313463473836
2.42632632632633,0.017183874228028,-0.000459461250928911,-0.855510288116868
2.42742742742743,0.0213826755303476,-0.000327797986321631,-0.86016863260015
2.42852852852853,0.0236787356417025,-1.87094311110359e-05,-0.863087742454534
2.42962962962963,0.0255044741636991,-0.000236619011962573,-0.865618879744239
2.43073073073073,0.0248991778526295,-0.000144429739915705,-0.86580494871973
2.43183183183183,0.0250445367411534,-0.000116977236643291,-0.867244528801841
2.43293293293293,0.0274134930919315,-2.05597022410307e-05,-0.870815000349375
2.43403403403403,0.0249066732677558,6.23957970546215e-05,-0.869235537997995
2.43513513513513,0.0256781425939129,-0.000113486040789296,-0.870361491583335
2.43623623623624,0.000309750208920919,-0.00414399860002521,-0.84338825223744
2.43733733733734,0.024306852327689,-2.24168652420393e-05,-0.870548775091787
2.43843843843844,0.0200445059195694,-7.25156517006822e-05,-0.865657284972027
2.43953953953954,0.0258556252415284,-7.36448117927495e-05,-0.872951281287531
2.44064064064064,0.0241088532126657,-0.000171371922669226,-0.871875940129715
2.44174174174174,0.0256129900713706,-1.5410207786312e-05,-0.874111307950106
2.44284284284284,0.0256643451355589,-9.3772108536472e-05,-0.87513849090334
2.44394394394394,0.0294471882288208,-0.000135859713409406,-0.879738115281921
2.44504504504504,0.0274785266904962,-3.60109710216113e-05,-0.878486724361841
2.44614614614615,0.0311296916586942,-1.06764816208233e-05,-0.883283513075329
2.44724724724725,0.0313642775909512,-1.55082277588009e-05,-0.884082044190471
2.44834834834835,0.032360039311153,-3.03621244764175e-05,-0.885520129064912
2.44944944944945,0.0318416785496561,-0.000120475601333251,-0.885655432028375
2.45055055055055,0.0272506432204501,-7.60880784184481e-05,-0.881079765377132
2.45165165165165,0.0295076513153218,-8.41417327589472e-05,-0.884623825015011
2.45275275275275,0.0325707126485846,-0.000111725191141031,-0.889403755739468
2.45385385385385,0.0329388782742074,-7.07431745385981e-05,-0.890985051025225
2.45495495495495,0.0333992624873103,-1.96391353684982e-05,-0.89239732683947
2.45605605605606,0.0322965471420288,-9.43992345881232e-05,-0.892631908351931
2.45715715715716,0.028376880378983,-0.000131840825837289,-0.888686074145827
2.45825825825826,0.0333819742158532,-9.63314622174275e-05,-0.894532919302916
2.45935935935936,0.0329456129956491,-7.65549503867044e-05,-0.895219181576801
2.46046046046046,0.024552437639427,-9.45743008291907e-05,-0.892550843459285
2.46156156156156,0.031644211036884,-8.23755158795824e-05,-0.895187521008097
2.46266266266266,0.034079341835717,-3.88191009554614e-05,-0.898659500569808
2.46376376376376,0.0322071940321411,-4.39067485510114e-05,-0.897559978541224
2.46486486486487,0.000355965197367373,-0.0220788578695204,-0.840392097459506
2.46596596596597,0.00342201212532586,-0.000825166971390174,-0.86599265033174
2.46706706706707,0.00695495486420873,-5.58443004255978e-06,-0.871252776076328
2.46816816816817,0.0307915689882594,-7.31449899138801e-05,-0.898129188755787
2.46926926926927,0.0333007799436157,-6.03362104280913e-05,-0.902745445821763
2.47037037037037,0.0333473152773959,-1.52546001054642e-05,-0.903812085271075
2.47147147147147,0.0350877076564014,-3.83978958714097e-05,-0.906681583755548
2.47257257257257,0.0331109937905188,-5.60931712420031e-05,-0.904547451394406
2.47367367367367,0.0339205389401177,8.32724643176067e-06,-0.907465403879957
2.47477477477477,0.0351675145029259,-4.61293031118689e-05,-0.909907631907341
2.47587587587588,0.036913912485862,-8.26471763081179e-05,-0.913078187340023
2.47697697697698,0.0337192685784474,-2.63961661296716e-05,-0.90977825917
2.47807807807808,0.0365262435500151,-7.9499088298201e-05,-0.913242324022204
2.47917917917918,0.0392808128667344,-2.4416708356983e-05,-0.91721878073573
2.48028028028028,0.0395943573362585,-6.17465108453146e-05,-0.918717462928783
2.48138138138138,0.0389546318331753,3.7442189362695e-05,-0.919080012708865
2.48248248248248,0.0378535216414071,-3.1771837138115e-05,-0.918438569973972
2.48358358358358,0.0369546692144907,-8.39341617939931e-05,-0.918435472054664
2.48468468468468,0.0398006998145882,-9.05195272428991e-05,-0.922554292190743
2.48578578578579,0.0415194569063993,-4.01813644873608e-05,-0.925706046410919
2.48688688688689,0.0389593773580057,-3.75745973019294e-05,-0.92358087352582
2.48798798798799,0.0390654018926551,-3.2886633857291e-05,-0.925702290015302
2.48908908908909,0.0412050199332415,-0.000141622118653081,-0.928191716329654
2.49019019019019,0.0417899869195648,-1.54994522018779e-05,-0.929735836403989
2.49129129129129,0.0434676456029114,-5.64861583832177e-05,-0.933338895228089
2.49239239239239,0.0426386291130926,-3.66519445070993e-05,-0.932406713459588
2.49349349349349,0.0414106103181317,-3.67058522605608e-05,-0.931875304969426
2.49459459459459,0.0415736483671706,-4.8810839706323e-05,-0.932798443450412
2.4956956956957,0.040272044210456,-2.38105845232845e-05,-0.932124477195736
2.4967967967968,0.00194819312677228,-0.000533434881729741,-0.889433417280489
2.4978978978979,0.0337420256400127,-6.79808316354144e-05,-0.925421994691827
2.498998998999,0.0351117449611594,-9.05582239298552e-05,-0.927917284792847
2.5001001001001,0.035733197494151,-9.48095377749467e-05,-0.928818735222092
2.5012012012012,0.0396080682371452,-8.1178173667741e-05,-0.934010769775637
2.5023023023023,0.0405048141481094,-0.000119880510844692,-0.935863487036628
2.5034034034034,0.0417595572226331,-3.96390826380328e-05,-0.938685654217654
2.5045045045045,0.0425239518083792,-7.08868534124655e-05,-0.940458337434767
2.50560560560561,0.0446415140491043,-5.21433505614291e-05,-0.944013670868629
2.50670670670671,0.0397252066440938,-2.73851270936835e-05,-0.937873270006127
2.50780780780781,0.0436590997078945,-0.000100660782995996,-0.944136138763209
2.50890890890891,0.0410592833522992,-6.6810677697761e-05,-0.940512867677048
2.51001001001001,0.0420065689544466,-2.77301516614595e-05,-0.94273418578805
2.51111111111111,0.0402400290374523,-1.42559044648371e-05,-0.941270136200663
2.51221221221221,0.0427160125924843,-9.22275993311483e-05,-0.945197228129684
2.51331331331331,0.039819216543233,-3.2508927519566e-05,-0.942212651435079
2.51441441441441,0.0357122467778213,-3.73186781504826e-05,-0.937171369239063
2.51551551551552,0.036453459809646,-3.03449240641186e-05,-0.939578364194169
2.51661661661662,0.0387785964702353,-1.92124500571274e-05,-0.943826442902519
2.51771771771772,0.0389174640437039,-2.8616731885401e-05,-0.944254397336011
2.51881881881882,0.040400464525464,-6.42335252573754e-05,-0.947581245979636
2.51991991991992,0.0402989115202218,-8.19447649136985e-05,-0.947673547270702
2.52102102102102,0.0405253411919664,-3.10364238493856e-05,-0.94866158825427
2.52212212212212,0.038185947108932,-4.2500410333776e-05,-0.947830988688469
2.52322322322322,0.0397498002605485,-4.72146308398582e-05,-0.949906215559372
2.52432432432432,0.0384679503500961,3.154730329788e-06,-0.949978087188894
2.52542542542543,0.0404066106693426,-1.87324494967349e-05,-0.952430571181051
2.52652652652653,0.0345011393510798,-7.36007860674287e-05,-0.945687819379752
2.52762762762763,0.0341952298331423,4.56989671367906e-05,-0.946204007803767
2.52872872872873,0.0342073607977782,-3.85815377165498e-05,-0.946641471364534
2.52982982982983,0.0363881076068329,-6.26967588987138e-05,-0.949898599164104
2.53093093093093,0.0375412763756572,-5.65870860177779e-05,-0.952341230082263
2.53203203203203,0.0361297619044141,-1.74340378619365e-05,-0.951219804795951
2.53313313313313,0.0381323328838226,-8.75801207286417e-05,-0.95347564785227
2.53423423423423,0.0378809643780441,-5.75060203267286e-05,-0.953993733205769
2.53533533533534,0.0348714538108355,-3.85236633923261e-06,-0.95078027496355
2.53643643643644,0.0301054924674192,-2.9962082460689e-05,-0.945413344451082
2.53753753753754,0.0360287541501505,1.36841658306967e-05,-0.954794286274569
2.53863863863864,0.0369462663993623,-0.000173932577771162,-0.95648428263042
2.53973973973974,0.0376044438674591,-5.65773211824712e-05,-0.958621751967332
2.54084084084084,0.0407348720706117,-5.83054005533023e-05,-0.962969815064116
2.54194194194194,0.0334736704996792,-7.74458893427706e-05,-0.954466158213744
2.54304304304304,0.0356072672944931,-0.000129541593871929,-0.957248414195088
2.54414414414414,0.0357681555701547,-2.42283383929951e-05,-0.958201240979124
2.54524524524524,0.0367775557350114,-6.90231854759986e-05,-0.960028691692605
2.54634634634635,0.0350362620739847,-2.91542059743397e-05,-0.958793576728829
2.54744744744745,0.032689250454136,-9.7964412518524e-05,-0.955916659107819
2.54854854854855,0.0341919345479101,-7.6458036637746e-05,-0.959393388209684
2.54964964964965,0.0339975156036899,-3.74326710676681e-05,-0.960843490500036
2.55075075075075,0.0323957293428954,-2.29517364282036e-05,-0.958210823073621
2.55185185185185,0.0292902466957101,-7.20224862688766e-05,-0.954848263210879
2.55295295295295,0.0307130672899538,-0.000343193922249518,-0.957050588004562
2.55405405405405,0.0318948430868776,-5.50245753333369e-05,-0.959831010583812
2.55515515515516,0.0347164524623552,-0.000142652674171305,-0.96492525391749
2.55625625625626,0.03209036755948,-5.72973064577469e-05,-0.961446777513222
2.55735735735736,0.029393208749074,-2.20056304340023e-05,-0.958338869287424
2.55845845845846,0.0279620660766516,-0.000114401073380328,-0.957446834273525
2.55955955955956,0.0285308014497672,-8.99794805692758e-05,-0.958567029834925
2.56066066066066,0.0255948646084667,1.04299140903248e-05,-0.955526879047755
2.56176176176176,0.0240651143430402,-0.000230375570224346,-0.954211522632192
2.56286286286286,0.0212052416130432,-2.75362216359353e-05,-0.951027170624267
2.56396396396396,0.0026437608793478,-0.00133535973966724,-0.927025526739915
2.56506506506507,0.0158857053962305,-0.000350119603608189,-0.944441577200403
2.56616616616617,0.0162665307345054,-0.000177105159058727,-0.94654292568442
2.56726726726727,0.0196982647411048,-3.33004070081168e-05,-0.951370524399343
2.56836836836837,0.0157619108154348,-0.000116744272995823,-0.946186404983181
2.56946946946947,0.0133209763705627,-8.94083185765947e-05,-0.942648122851108
2.57057057057057,0.00225452362816366,-0.000516049223265402,-0.926801046218476
2.57167167167167,4.9261901294002e-05,-0.0102517043658834,-0.912853157211144
2.57277277277277,8.65105894160501e-05,-0.0149911227853404,-0.90838353824747
2.57387387387387,8.25244163421103e-05,-0.019041431425098,-0.904758218587207
2.57497497497498,6.79684234183051e-05,-0.0227385885274332,-0.901528222203147
2.57607607607608,8.1335619048358e-05,-0.0262928328906196,-0.898491445607184
2.57717717717718,0.000138840563009549,-0.0298022601778218,-0.895521473512253
2.57827827827828,0.00014156530646743,-0.0332953996957625,-0.892513331804952
2.57937937937938,0.000122343044975663,-0.0368560963120176,-0.889424544796689
2.58048048048048,0.000137648785850053,-0.0404911471081151,-0.886294190425319
2.58158158158158,0.000123734611830449,-0.0442564601920762,-0.883010783652304
2.58268268268268,0.000105086072132412,-0.0481949713222904,-0.879575522226652
2.58378378378378,8.93313419497541e-05,-0.0523587181973964,-0.87592210013922
2.58488488488489,7.591074416462e-05,-0.0567998201008587,-0.87205502461697
2.58598598598599,9.72181341735824e-05,-0.0616111264065286,-0.867830128019425
2.58708708708709,8.70581514043283e-05,-0.0668910574154647,-0.863132597139224
2.58818818818819,9.15447440023343e-05,-0.0727973185748171,-0.857815301445969
2.58928928928929,0.0001045950853589,-0.0795453469373667,-0.851667759624065
2.59039039039039,0.000106159708166447,-0.0874718677956564,-0.844349096917355
2.59149149149149,0.000108798241028497,-0.0971722124276496,-0.835261468168954
2.59259259259259,0.000118591109128737,-0.109831899518964,-0.823220606463153
2.59369369369369,0.000142286594686049,-0.128441886136276,-0.805235736092154
2.59479479479479,0.000133964612331847,-0.165634264629918,-0.76867632087985
2.5958958958959,0.000128216654346744,-0.179445354269609,-0.755504773187969
2.596996996997,0.000125274440711029,-0.13449143782727,-0.801105448856927
2.5980980980981,0.000147399855055562,-0.115263129785368,-0.820986144023565
2.5991991991992,0.000136440990302784,-0.103002038219762,-0.8339043189952
2.6003003003003,0.000150032003073165,-0.0943282349236448,-0.843237192512901
2.6014014014014,0.000142547905345575,-0.0869730804599521,-0.851253710874941
2.6025025025025,0.000154303214933051,-0.0811847471023822,-0.857702919636262
2.6036036036036,0.000170607828128788,-0.0764366816203476,-0.863112943176342
2.6047047047047,0.000167900481227813,-0.0720929892119093,-0.86811841210368
2.60580580580581,0.000158898287027922,-0.0685073746309185,-0.872366038846385
2.60690690690691,0.000141886485573512,-0.0650246839660671,-0.8765101649322
2.60800800800801,0.000156321596892364,-0.0620242815036489,-0.880172539188889
2.60910910910911,0.000158587355396559,-0.0593337907367015,-0.883525433250902
2.61021021021021,0.000181942802731763,-0.0569906736388119,-0.886530588184988
2.61131131131131,0.00014335191629872,-0.0545840040748655,-0.889599703076502
2.61241241241241,0.000143952864878339,-0.0524491058456326,-0.892397476231462
2.61351351351351,0.000151696431824747,-0.0504843541562535,-0.895025878396241
2.61461461461461,0.000129022175890245,-0.0486624488441466,-0.897511823723211
2.61571571571572,0.000145151015487366,-0.0469659978166024,-0.899872360900294
2.61681681681682,0.000137847398006602,-0.0453862751023874,-0.902117556927569
2.61791791791792,0.000137719227538894,-0.0439432370567335,-0.904225927198827
2.61901901901902,0.000132698707660698,-0.0424617007856986,-0.906373267479868
2.62012012012012,0.000124806351854572,-0.0410540319294321,-0.908448208114203
2.62122122122122,0.000134247924180728,-0.0397354248719396,-0.910434751161471
2.62232232232232,0.000109250405903842,-0.0384902432440069,-0.912348880569903
2.62342342342342,0.000121408247659606,-0.0373113587653799,-0.914198641103468
2.62452452452452,0.000104238717575858,-0.03619749009348,-0.915985058572607
2.62562562562563,0.000116278645114531,-0.0351565978792934,-0.917700414214541
2.62672672672673,9.61440355624671e-05,-0.0341718447512281,-0.919361201998898
2.62782782782783,9.19227941925548e-05,-0.0331007248166205,-0.921109998320534
2.62892892892893,9.31403301460782e-05,-0.032121659142409,-0.922765731389816
2.63003003003003,5.04578738923406e-05,-0.031209634526145,-0.924347102552218
2.63113113113113,1.15131621061555e-05,-0.0302343287528698,-0.925960261291858
2.63223223223223,0.00011254241188635,-0.0295106856658643,-0.927529276848474
2.63333333333333,0.000491791596196514,-0.0286862273746035,-0.929958768106552
2.63443443443443,0.000382909914179911,-0.0280163683228735,-0.931141403985236
2.63553553553554,0.000334599676892877,-0.027027161171131,-0.932523809386447
2.63663663663664,0.000226254341337305,-0.0265054049015889,-0.933754791422181
2.63773773773774,0.000256829247647992,-0.0259080921655671,-0.935136525199407
2.63883883883884,0.000277206031619012,-0.0252788428828534,-0.936502075321857
2.63993993993994,0.000260089189578921,-0.0244457928288433,-0.938010816274948
2.64104104104104,0.000452830363726567,-0.023956621736317,-0.939125853159662
2.64214214214214,0.00034758831815079,-0.0230369678622934,-0.940610115866477
2.64324324324324,0.000378254796906616,-0.0228931554081413,-0.941733777932692
2.64434434434434,0.000406858321022124,-0.0220138957361729,-0.943302524100164
2.64544544544545,0.00021001827136664,-0.0214401361055312,-0.944015887646103
2.64654654654655,0.000194556870639585,-0.0209124788700241,-0.945170989597862
2.64764764764765,0.000145372618660936,-0.0204291450576604,-0.946349059728213
2.64874874874875,0.000176946975393568,-0.0198915460051854,-0.947607518032237
2.64984984984985,0.000194364535823557,-0.0194070450779855,-0.948826230412589
2.65095095095095,0.000176103266573736,-0.0189458567827109,-0.950025156080998
2.65205205205205,0.000183808643747855,-0.0185408135059112,-0.951170430211379
2.65315315315315,0.000213545122026773,-0.018207933393369,-0.952249538462609
2.65425425425425,0.00019944260715188,-0.0175630172386394,-0.953611932597823
2.65535535535536,0.000213779076095279,-0.0170211715397098,-0.954927517729251
2.65645645645646,0.000219407837825372,-0.0165317662737335,-0.956185171308658
2.65755755755756,0.000212604318646334,-0.0160743664311984,-0.957402521603615
2.65865865865866,0.000331449154577472,-0.0155903102439925,-0.958819651915235
2.65975975975976,0.00031995886582257,-0.0154081499802479,-0.959317169786728
2.66086086086086,0.000667574947718401,-0.0147677340622814,-0.961622205108162
2.66196196196196,0.000257969913839095,-0.0144854434984143,-0.961780360168485
2.66306306306306,0.000303887066607243,-0.0142291880450116,-0.962941007387035
2.66416416416416,0.000721154847346894,-0.0136376708798877,-0.96478429654584
2.66526526526527,0.000414966025781381,-0.0133683569849874,-0.965390431212376
2.66636636636637,0.000229434531590146,-0.0130901334025533,-0.965682061809544
2.66746746746747,0.000149926889030329,-0.0127629086841565,-0.966627829349619
2.66856856856857,0.000128173890538537,-0.0123290358482238,-0.967748437919931
2.66966966966967,0.00010717782278653,-0.0119738245785206,-0.968809679087444
2.67077077077077,9.4368877594028e-05,-0.0116454161679098,-0.969846487956021
2.67187187187187,9.38161029573032e-05,-0.0113930949103803,-0.970814070664867
2.67297297297297,7.79389591577498e-05,-0.0110222051932819,-0.971907150273893
2.67407407407407,7.30193899167891e-05,-0.0106807707471779,-0.972960018120821
2.67517517517518,4.66288371282962e-05,-0.0103705253704348,-0.973988802834276
2.67627627627628,8.45119089702108e-05,-0.0100687647244938,-0.975056383146533
2.67737737737738,0.000107085547894765,-0.00977618363993804,-0.976113147724757
2.67847847847848,8.79500692541908e-05,-0.00949204077597731,-0.977170022104498
2.67957957957958,9.90967938082447e-05,-0.00921990593423267,-0.978190228619234
2.68068068068068,5.34584212267477e-05,-0.00893520513116488,-0.979187723824677
2.68178178178178,0.000105538460404039,-0.00868135677078187,-0.98020832741064
2.68288288288288,8.85963980976856e-05,-0.00843293911941335,-0.981170445045479
2.68398398398398,5.49253224355187e-05,-0.00818647722953517,-0.982086981665638
2.68508508508509,1.34736987553323e-05,-0.0079445711056763,-0.982975399756094
2.68618618618619,4.56512387464447e-06,-0.00773156579748505,-0.983844873659644
2.68728728728729,1.93853622061674e-05,-0.0075492533569314,-0.98469184123351
2.68838838838839,1.14417989477808e-05,-0.00749187230346269,-0.985403857667234
2.68948948948949,1.99171323785811e-05,-0.00708695691021383,-0.98645359106671
2.69059059059059,1.86551515372703e-05,-0.00681107056765112,-0.98736783284141
2.69169169169169,2.09550460083449e-05,-0.00654425046455865,-0.988274309218743
2.69279279279279,1.08691523493512e-05,-0.0062843195670208,-0.989187830468018
2.69389389389389,2.28377415565807e-06,-0.00603569369520821,-0.990120023703937
2.694994994995,3.54548732245597e-06,-0.00580464280565673,-0.991070019571909
2.6960960960961,4.38977878184189e-06,-0.00558189266219627,-0.99203257107105
2.6971971971972,-8.52514233839411e-06,-0.00533500279714035,-0.993022188507918
2.6982982982983,-1.64788232847739e-05,-0.00508151337246385,-0.994015936746424
2.6993993993994,-3.19322287413944e-05,-0.00486537894290728,-0.994982817816103
2.7005005005005,-2.20963116220764e-05,-0.00466603978447942,-0.99591366639283
2.7016016016016,-6.6434581988032e-06,-0.00447397375628612,-0.996873967582231
2.7027027027027,-1.18718404802954e-06,-0.0042775121135834,-0.99786598354894
2.7038038038038,3.85106396561443e-05,-0.00408401743298608,-0.998862127960675
2.7049049049049,4.55983415413019e-06,-0.00389596493024539,-0.999801839389331
2.70600600600601,1.78910778338952e-05,-0.00369897589735599,-1.00076857533064
2.70710710710711,2.9351182877848e-05,-0.00352599331286678,-1.00167834719351
2.70820820820821,-1.56867962949785e-05,-0.00334745019369568,-1.00252314946892
2.70930930930931,-2.78570728396372e-05,-0.00317585657212328,-1.00333688254572
2.71041041041041,-4.51499865954575e-05,-0.00303775163779691,-1.00413846312879
2.71151151151151,-1.1539421997356e-05,-0.00289404647522449,-1.00493617700121
2.71261261261261,-1.3718245435313e-05,-0.00273328992122105,-1.00573537485005
2.71371371371371,-1.93547352045535e-05,-0.00255894881233688,-1.00654097465755
2.71481481481481,-2.70469123531943e-05,-0.00237828325737361,-1.00736099199416
2.71591591591592,-2.76988001464763e-05,-0.0022040533338012,-1.00821063303811
2.71701701701702,-7.86830644474159e-06,-0.00204806870494859,-1.00909529009978
2.71811811811812,1.88210789486726e-05,-0.00190133662997318,-1.01000090631994
2.71921921921922,-1.55611464167188e-05,-0.00171663142766485,-1.01094468752065
2.72032032032032,-2.25051318857267e-05,-0.00154335075031224,-1.01188012808753
2.72142142142142,-1.4346533058985e-05,-0.00141034891924119,-1.01276800619493
2.72252252252252,-8.80438777289617e-07,-0.00128558312129342,-1.01367226137478
2.72362362362362,1.71893900509347e-05,-0.00115395558702549,-1.01462585878317
2.72472472472472,3.57894638849764e-05,-0.00102650367636167,-1.0155688688944
2.72582582582583,2.17820686150529e-05,-0.000884858517436213,-1.01646162289591
2.72692692692693,5.12211194538563e-05,-0.000777317456319397,-1.01735098232947
2.72802802802803,-6.50185924803731e-06,-0.000662348057084481,-1.01813597751472
2.72912912912913,-4.96916201439539e-05,-0.000559572734015531,-1.01887337099463
2.73023023023023,-2.95412104849203e-05,-0.000501461378520806,-1.01959041123242
2.73133133133133,6.85587634642397e-06,-0.000445336020398002,-1.02028668679
2.73243243243243,-1.15641491912109e-05,-0.000435527533528866,-1.02092305453892
2.73353353353353,3.26627626144026e-06,-0.000547971641473002,-1.02145953311953
2.73463463463463,-1.59712450449181e-05,-0.000745923077185433,-1.02200946651534
2.73573573573574,-2.27229867903593e-05,-0.000989198747077019,-1.02260485706592
2.73683683683684,-3.99667935593225e-05,-0.00118238589212793,-1.0232531547893
2.73793793793794,-3.22839777631232e-05,-0.00144137704257145,-1.02383257370348
2.73903903903904,-8.96610024672685e-06,-0.00171459017272584,-1.02446375235482
2.74014014014014,-1.30300547938564e-05,-0.00198173999610997,-1.02511613470483
2.74124124124124,3.90694028627767e-06,-0.00224442491079573,-1.0257112974243
2.74234234234234,-3.30054955290198e-05,-0.00251988768798547,-1.02615846109426
2.74344344344344,-8.23762304091355e-05,-0.00282477285511738,-1.02651748290343
2.74454454454454,-6.04982156782456e-05,-0.00313792775140721,-1.02686657386616
2.74564564564565,-6.4338756349253e-05,-0.00339759916203233,-1.02723242628491
2.74674674674675,-6.74922729662145e-05,-0.00363577183877819,-1.02765325145609
2.74784784784785,-9.65698588731067e-05,-0.00391149178756945,-1.02816818015062
2.74894894894895,-8.61655702424057e-05,-0.00412740072347686,-1.02878895555607
2.75005005005005,-0.000116893871618873,-0.00440159511162139,-1.02935248991618
2.75115115115115,-7.40082297448436e-05,-0.00470613488546365,-1.02993193143236
2.75225225225225,-8.95012348700926e-05,-0.0050036612340956,-1.03055896774969
2.75335335335335,-8.30671790726951e-05,-0.00529943777197805,-1.03111544903123
2.75445445445445,-0.000158718997082301,-0.00562997685007609,-1.03147490609331
2.75555555555556,-0.000182775388930286,-0.00593799008457019,-1.03180126547234
2.75665665665666,-0.000286348186625056,-0.00610452021004354,-1.03218517407312
2.75775775775776,-0.000202086448465154,-0.00642618548539382,-1.03257142020855
2.75885885885886,-0.000178288307079883,-0.0067212942612335,-1.03304344875815
2.75995995995996,-0.000101347230082968,-0.00703486690963161,-1.03361335708702
2.76106106106106,-0.000138318953716121,-0.00728931804904118,-1.03423775750697
2.76216216216216,-0.0001418849885596,-0.00761134269528645,-1.03478724497149
2.76326326326326,-6.82126117527583e-05,-0.00792198727569586,-1.03545809796918
2.76436436436436,-4.04692093589323e-05,-0.00822343217310748,-1.03604334182204
2.76546546546547,-6.73767847210008e-05,-0.00854191884099574,-1.03648110697463
2.76656656656657,-9.92661218301846e-05,-0.0088911559154284,-1.03678080553655
2.76766766766767,-5.55028127413478e-05,-0.00923224134997368,-1.03707409428149
2.76876876876877,-6.23764936954489e-05,-0.00950245584313921,-1.0374039465719
2.76986986986987,-8.29360016630419e-05,-0.00978030726938853,-1.03784412713969
2.77097097097097,-8.2475805224767e-05,-0.0100220102764113,-1.03844842220195
2.77207207207207,-6.04249844740457e-05,-0.0103081093853517,-1.03901558556411
2.77317317317317,-1.86805877521912e-05,-0.0106382129488978,-1.03960429955658
2.77427427427427,-3.75366060572383e-05,-0.0109525111076597,-1.04021020300268
2.77537537537538,-9.55324128838356e-06,-0.0112696198012649,-1.040744132029
2.77647647647648,-4.85160076011917e-05,-0.0116029733382031,-1.04104834706981
2.77757757757758,-3.1935870476695e-05,-0.0119663929111955,-1.04132410042229
2.77867867867868,-2.9900177421559e-05,-0.0122559204961789,-1.04163758506912
2.77977977977978,-5.11330623661598e-05,-0.012543587253864,-1.04207265982587
2.78088088088088,-5.0417253079839e-05,-0.0128637090829646,-1.04263749803503
2.78198198198198,-1.22423797699891e-05,-0.0131344608774148,-1.04324699269902
2.78308308308308,-1.18858796676897e-05,-0.0134670261447149,-1.04383627410083
2.78418418418418,-1.2317751847759e-05,-0.0137768370904941,-1.04444467274996
2.78528528528529,6.29908853195225e-06,-0.0141034597223501,-1.04494148247875
2.78638638638639,-4.93646224203836e-05,-0.0144569489382544,-1.04520284192377
2.78748748748749,-1.65436290773305e-05,-0.0147991822852193,-1.04545605657405
2.78858858858859,-4.94453259022633e-06,-0.0150537076414498,-1.0457725091327
2.78968968968969,-2.43349741465604e-05,-0.0153162121919885,-1.04628044027391
2.79079079079079,2.64999280845731e-06,-0.0155377524736285,-1.04691584219758
2.79189189189189,-1.99696213900058e-05,-0.0158656537429514,-1.04748049015023
2.79299299299299,-5.81903857362613e-07,-0.0161761055615258,-1.04813188837216
2.79409409409409,3.05832704001469e-05,-0.0164777401509737,-1.04866955121832
2.7951951951952,-3.74113674160857e-05,-0.0168113208199101,-1.0489495547114
2.7962962962963,-5.17226181399948e-06,-0.0171392434573707,-1.04921524239558
2.7973973973974,-2.64262475917893e-05,-0.01739495458807,-1.04955965774535
2.7984984984985,-5.7242751609588e-06,-0.0176733822463427,-1.05011071112499
2.7995995995996,6.34104268078252e-06,-0.0179214680573921,-1.050758406429
2.8007007007007,1.49803037108405e-05,-0.0182255386580935,-1.05137337627216
2.8018018018018,7.02363169201926e-06,-0.0185039053059452,-1.05204024822898
2.8029029029029,3.45652779921244e-05,-0.0187910194250528,-1.05254802092598
2.804004004004,-6.56118576777313e-06,-0.0191240288160077,-1.05280340373588
2.80510510510511,1.28456903972167e-05,-0.0193860264220596,-1.0530769638578
2.80620620620621,5.44793723180678e-07,-0.0195832702808318,-1.05349354778424
2.80730730730731,1.06547216170119e-05,-0.0197317926115233,-1.05418935047702
2.80840840840841,7.20920533423801e-06,-0.0199908468275413,-1.05480001775669
2.80950950950951,4.35761784502971e-05,-0.0202429455129064,-1.05554860490702
2.81061061061061,6.78591253884814e-05,-0.0204811639069729,-1.05613986751281
2.81171171171171,1.48705292275533e-05,-0.0207616752062251,-1.05644587825524
2.81281281281281,3.5510085669707e-05,-0.020994050034676,-1.05676060380078
2.81391391391391,2.06526982503391e-05,-0.0211726058544774,-1.05723023647072
2.81501501501501,1.98530805310989e-05,-0.021382705979642,-1.05792606009032
2.81611611611612,2.27972631864221e-05,-0.0215547935527862,-1.05863843322785
2.81721721721722,5.10017198476219e-05,-0.0217640409731654,-1.05945421568167
2.81831831831832,5.73370454301267e-05,-0.0219550112619761,-1.06007379797078
2.81941941941942,2.03995185619691e-05,-0.0221934480506863,-1.06039178329401
2.82052052052052,6.18777310071547e-05,-0.0223508876938155,-1.06072898788825
2.82162162162162,3.49019920398997e-05,-0.0224365591231511,-1.06128035937007
2.82272272272272,2.41370576396903e-05,-0.022476266882033,-1.06210159790196
2.82382382382382,5.94684288130165e-05,-0.0226405302258756,-1.06288170377701
2.82492492492492,0.000103691914405801,-0.022769650681546,-1.06371150247743
2.82602602602603,2.55310322373914e-05,-0.0229161300747893,-1.06417643201593
2.82712712712713,3.45358350792898e-05,-0.0230748435448459,-1.06455778662017
2.82822822822823,1.84739432473762e-05,-0.0231320345384437,-1.06508091017134
2.82932932932933,6.11022498973649e-05,-0.0232164394655897,-1.06589700379802
2.83043043043043,5.06130792750035e-05,-0.0232695520448848,-1.06674001386067
2.83153153153153,8.06559164162373e-05,-0.0233518442994395,-1.06766689998515
2.83263263263263,3.86050928538505e-05,-0.0234145938280195,-1.06834365284464
2.83373373373373,7.77674101866587e-05,-0.0235423312854128,-1.06873905973324
2.83483483483483,5.53323335742569e-05,-0.0235110655095412,-1.06922544128562
2.83593593593594,4.61639461997639e-05,-0.0234276623465965,-1.07009397935709
2.83703703703704,5.31212554306779e-05,-0.0234340620166705,-1.07096830927152
2.83813813813814,7.40052093697925e-05,-0.02343098168617,-1.07196036835559
2.83923923923924,2.39042536375368e-05,-0.0234474855980531,-1.0726489518401
2.84034034034034,7.82275268677084e-05,-0.0235005375069731,-1.07311657836448
2.84144144144144,4.22663681217493e-05,-0.0234312847265905,-1.07372749492403
2.84254254254254,9.91065536744407e-05,-0.0233884632779337,-1.0746722455698
2.84364364364364,7.46140158038623e-05,-0.0233235036115992,-1.07565402698138
2.84474474474474,0.000104217411371233,-0.0232698692170941,-1.07671122254739
2.84584584584585,5.94028000905964e-05,-0.0232383662220807,-1.07736778294174
2.84694694694695,0.000101083151980804,-0.0232247842731963,-1.0778529505367
2.84804804804805,8.5339105888185e-05,-0.023062182078013,-1.07853573743492
2.84914914914915,5.23533036280069e-05,-0.0228581730939999,-1.07959796581876
2.85025025025025,0.000136325752920015,-0.0227879232249153,-1.08065993650709
2.85135135135135,0.00012990289331978,-0.0226924019953793,-1.081607197888
2.85245245245245,9.72422752747709e-05,-0.022648556686392,-1.08215256396135
2.85355355355355,8.45902675431377e-05,-0.0224995557716555,-1.0827663321384
2.85465465465465,0.000107766044514915,-0.0223490297379484,-1.08373990953982
2.85575575575576,0.000101624473506863,-0.022193786877613,-1.08480332017852
2.85685685685686,9.99572211870484e-05,-0.0220698556885213,-1.0859309992061
2.85795795795796,9.29527480361011e-05,-0.0219465957625677,-1.08672355170837
2.85905905905906,0.000126445737743056,-0.0218695900267463,-1.08725368305913
2.86016016016016,0.000105187924272538,-0.0216343197327,-1.08798000715527
2.86126126126126,0.000105201886259081,-0.0213671429828395,-1.08910153371699
2.86236236236236,0.000153644655570765,-0.0212343027638443,-1.09023356624239
2.86346346346346,0.000138836389570954,-0.0210765310797607,-1.09118438213456
2.86456456456456,0.000139119825536483,-0.0209803424630366,-1.09175647205139
2.86566566566567,0.000123277417057779,-0.020767151684335,-1.09243603570276
2.86676676676677,0.000169605046558236,-0.0205716437311829,-1.09349997499447
2.86786786786787,0.00014726936392976,-0.020377858893775,-1.09460390678885
2.86896896896897,0.000191196874639834,-0.0202025883838134,-1.09578512862607
2.87007007007007,0.000114154965846082,-0.0200649085136275,-1.09648116447804
2.87117117117117,0.000168455357997788,-0.0199137686899092,-1.09704277367074
2.87227227227227,0.000161122713268361,-0.0196537570215776,-1.09786022709575
2.87337337337337,0.000163801872657276,-0.0193756056822253,-1.09898517773412
2.87447447447447,0.0001815292364969,-0.0192123055083416,-1.10014700263108
2.87557557557558,0.000173527674702799,-0.0190239214133298,-1.10105833040145
2.87667667667668,0.000210322986789894,-0.0189029372794183,-1.10164987915243
2.87777777777778,0.000165627897691651,-0.0186627650370771,-1.10236209779859
2.87887887887888,0.000215886770837547,-0.0184345091481488,-1.10343825452237
2.87997997997998,0.000209362782020103,-0.018204589653189,-1.10454259780378
2.88108108108108,0.000263870316580112,-0.0180068983329911,-1.10572454293744
2.88218218218218,0.000233920434857295,-0.0177737955481669,-1.10667248228318
2.88328328328328,0.000271706996160031,-0.0175483544517844,-1.10743151833165
2.88438438438438,0.000350924040685765,-0.0171610844023662,-1.10821983610503
2.88548548548549,0.000281838442976017,-0.0171911381461195,-1.10889811742585
2.88658658658659,0.000247337169252843,-0.0171057575106279,-1.10991403843057
2.88768768768769,0.000299345365952347,-0.0170098811923339,-1.11098842711595
2.88878878878879,0.000212486309177327,-0.0169528821937366,-1.11150537867521
2.88988988988989,0.000217643060142726,-0.0168079991787162,-1.11200239005642
2.89099099099099,0.000193307854458287,-0.0166145185215095,-1.11282758443948
2.89209209209209,0.00016793926676233,-0.0164229316173192,-1.11384368417465
2.89319319319319,0.000185396286546203,-0.0162942422721529,-1.11493628384578
2.89429429429429,0.000163917370488238,-0.0161668357293923,-1.11573284526855
2.8953953953954,0.000198551898180934,-0.0161001824632552,-1.11625845971525
2.8964964964965,0.000143851641367054,-0.0159155879568772,-1.11690113057709
2.8975975975976,0.000169173955222393,-0.0157389478626382,-1.11788389623613
2.8986986986987,0.000165295990970877,-0.0155734841813845,-1.11891182229074
2.8997997997998,0.000205076036960524,-0.0154553791350825,-1.1199958539861
2.9009009009009,0.000168781494602442,-0.0153265057076365,-1.12087341703033
2.902002002002,0.000135915548815384,-0.0152534072076344,-1.12140974358245
2.9031031031031,0.000170447094714472,-0.0151003377588811,-1.12196444981745
2.9042042042042,0.000151900669118817,-0.014905031743083,-1.12270487208046
2.90530530530531,0.000134001709505409,-0.0146859330395826,-1.1237205486752
2.90640640640641,0.000168759124415107,-0.014569696951694,-1.12468723745861
2.90750750750751,0.000171879981497825,-0.0144213229384467,-1.12571729910735
2.90860860860861,0.000114755955014987,-0.0142995132597783,-1.12649784861265
2.90970970970971,0.000131742947761819,-0.0142270348543917,-1.12707757155357
2.91081081081081,0.000143136089731951,-0.014071322622045,-1.12769310712102
2.91191191191191,0.000115025219104495,-0.0138904763085514,-1.12844471194057
2.91301301301301,0.000124634590451336,-0.013715640874074,-1.12941981134119
2.91411411411411,0.000130141393904276,-0.0135402520882291,-1.13041210666279
2.91521521521522,0.000143811389967381,-0.0134175743775992,-1.13136589249083
2.91631631631632,0.000146142681747731,-0.0132786191224692,-1.13237292119602
2.91741741741742,0.000160322981453083,-0.013136310800466,-1.13326083605845
2.91851851851852,0.000100117482807519,-0.013012291740026,-1.1338966427277
2.91961961961962,0.000152772016718076,-0.0129199605248294,-1.1345149785939
2.92072072072072,0.00015958940164971,-0.0127363152118032,-1.135168243475
2.92182182182182,0.000131638329603878,-0.0125288801661236,-1.1359081301392
2.92292292292292,0.000132300525513347,-0.0123769686253809,-1.13678343842626
2.92402402402402,0.000106717206086351,-0.0121508494041614,-1.13776759480472
2.92512512512512,0.000114606312895984,-0.0120024061241173,-1.13866649363357
2.92622622622623,0.000115790948504264,-0.0118509800010543,-1.13966705626556
2.92732732732733,0.000134256520487784,-0.0116905449764239,-1.14061199698318
2.92842842842843,0.000185782613753149,-0.0115287638532812,-1.14154175075935
2.92952952952953,0.000119099707010545,-0.0113651479370959,-1.14229172151295
2.93063063063063,7.85287940356114e-05,-0.0112360698021559,-1.14299962592264
2.93173173173173,0.000118971739033288,-0.0110976220553684,-1.14371297549601
2.93283283283283,0.000128911321639984,-0.0109172520797172,-1.14444667052334
2.93393393393393,0.000122424288418645,-0.0107158981770108,-1.1452110777068
2.93503503503503,7.89661746213176e-05,-0.0105178816554207,-1.1460205171954
2.93613613613614,0.00012489906554244,-0.0103143176549287,-1.14690343052327
2.93723723723724,0.000111955132247495,-0.0101111441283509,-1.14784323264034
2.93833833833834,0.000123945213873048,-0.00992676909748924,-1.14878427521263
2.93943943943944,0.000134040636420533,-0.00974278656952179,-1.14971003725188
2.94054054054054,0.000116777043491961,-0.00951763002286087,-1.15066838839125
2.94164164164164,0.000115279809951976,-0.00933331151439968,-1.15158062310674
2.94274274274274,8.77087754227539e-05,-0.009153642364924,-1.15250348285293
2.94384384384384,0.000136754390591595,-0.00896171897010097,-1.1534719113631
2.94494494494494,0.000118842390391744,-0.00876514834901033,-1.15444118329143
2.94604604604605,0.00013769951726724,-0.00857248499937739,-1.15535284703543
2.94714714714715,0.000148067844002481,-0.00835905258010414,-1.15627486338861
2.94824824824825,0.000155300015780385,-0.00816708321986228,-1.15720101139957
2.94934934934935,0.00015435122808026,-0.00796639773953844,-1.15807735951697
2.95045045045045,0.000105277008707034,-0.00776304218778808,-1.15892821510567
2.95155155155155,0.000108355083942075,-0.00755386642470197,-1.15977077840562
2.95265265265265,6.92140336866413e-05,-0.0073459781319028,-1.16061239565149
2.95375375375375,5.39009455547166e-05,-0.00714748468609121,-1.16145747476219
2.95485485485485,5.96287141993708e-05,-0.00695362674010882,-1.16230753956082
2.95595595595596,9.46368574082127e-05,-0.00675679320249486,-1.16316248764478
2.95705705705706,8.60441683826863e-05,-0.00655332452511041,-1.16402308421874
2.95815815815816,7.63650413753657e-05,-0.00634457258437549,-1.16488976462991
2.95925925925926,8.09939874569417e-05,-0.00613308815005548,-1.16576207531139
2.96036036036036,5.95188839760611e-05,-0.00591768564535689,-1.16663936749091
2.96146146146146,9.8424636502345e-05,-0.00570053853886897,-1.16752189087611
2.96256256256256,9.30957295085591e-05,-0.00548074682427385,-1.16840961640565
2.96366366366366,9.1475934541443e-05,-0.00525865759968709,-1.16930138624885
2.96476476476477,8.36086625049305e-05,-0.00503827148744243,-1.17019735939266
2.96586586586587,8.14051619502428e-05,-0.00481442022305733,-1.17109815893925
2.96696696696697,9.88094838568812e-05,-0.00458988165728412,-1.1720026700911
2.96806806806807,8.55193161856635e-05,-0.00436699004599337,-1.17291056678678
2.96916916916917,7.27220868692058e-05,-0.00414024538814744,-1.17382240552136
2.97027027027027,7.79298192113866e-05,-0.00391604634958144,-1.17473725407975
2.97137137137137,6.50445372803361e-05,-0.0036909581559736,-1.17565568754383
2.97247247247247,7.14550116777003e-05,-0.00346538157699074,-1.17657668132606
2.97357357357357,7.92798013994371e-05,-0.00323951082063734,-1.17750081236813
2.97467467467467,6.53986104653e-05,-0.00301596468051893,-1.17842758300745
2.97577577577578,6.60498910080605e-05,-0.00278800596614816,-1.17935695557794
2.97687687687688,4.26672336748332e-05,-0.00256036579412529,-1.18028857518313
2.97797797797798,8.39911103054906e-05,-0.00233259498260502,-1.18122184091973
2.97907907907908,5.30830629276686e-05,-0.00210511591172289,-1.18215635287368
2.98018018018018,5.00755822598068e-05,-0.00187759239084198,-1.18309208147787
2.98128128128128,4.42741154466284e-05,-0.00164890562297797,-1.1840274983279
2.98238238238238,4.49371260929799e-05,-0.00141935584031766,-1.18496161478366
2.98348348348348,4.65363495986938e-05,-0.00119527473996454,-1.18589148163834
2.98458458458458,3.94220882666634e-05,-0.000977103418615515,-1.18681368726412
2.98568568568569,4.00551926039932e-05,-0.000771145442827481,-1.18771925035168
2.98678678678679,4.86195209611621e-05,-0.000598941009645876,-1.18858168293405
2.98788788788789,7.35667465412632e-05,-0.000522358185755859,-1.18930309051634
2.98898898898899,7.31378074516622e-05,-0.000548671209197371,-1.18979396163918
2.99009009009009,4.83709249464879e-05,-0.000555245718955595,-1.19026206789296
2.99119119119119,6.56777128844068e-05,-0.000636509601237897,-1.19101467296184
2.99229229229229,4.98213135263699e-05,-0.000708872650488813,-1.19183185367685
2.99339339339339,6.68573406694835e-05,-0.000839134720308726,-1.19271157386001
2.99449449449449,3.79557784788727e-06,-0.000959001940903028,-1.19329562790379
2.9955955955956,5.84560418185299e-05,-0.00115860542977422,-1.1935649383357
2.9966966966967,4.61453158665643e-05,-0.00121026300989697,-1.19393122127381
2.9977977977978,5.19828415445787e-05,-0.00131970707583175,-1.19466340938408
2.9988988988989,4.78144528878788e-05,-0.00142066252630495,-1.19547091316825
3,7.01793151958308e-05,-0.00155104348600287,-1.19635646027658
